checkpoint,group,checkpoint_sha256,bot,games,win,loss,surviving_kill,killed_by_bot,own_bomb,mutual,kill_share,bombs_per_game
exp04_control_s1_it750,EXP-20261001-04,35cc050ce29c6327024fa4da880899d9dac12194aaa9ca88840b3d86df0321ae,bun.tactical_v2,64,11,13,12,4,9,1,0.7500,14.047
exp04_control_s1_it750,EXP-20261001-04,35cc050ce29c6327024fa4da880899d9dac12194aaa9ca88840b3d86df0321ae,bun.hunter@hard,64,0,19,0,7,12,0,0.0000,11.844
exp04_control_s1_it750,EXP-20261001-04,35cc050ce29c6327024fa4da880899d9dac12194aaa9ca88840b3d86df0321ae,bun.hunter@normal,64,0,21,0,7,14,0,0.0000,10.484
exp04_control_s1_it750,EXP-20261001-04,35cc050ce29c6327024fa4da880899d9dac12194aaa9ca88840b3d86df0321ae,bun.hunter@easy,64,8,19,11,4,16,2,0.7333,12.391
exp04_control_s1_final,EXP-20261001-04,6c083920acb4e4a216251086a3ab29acd8f0f060b100ba6b86ab3aa13752e3ff,bun.tactical_v2,64,5,35,20,13,36,7,0.6061,84.328
exp04_control_s1_final,EXP-20261001-04,6c083920acb4e4a216251086a3ab29acd8f0f060b100ba6b86ab3aa13752e3ff,bun.hunter@hard,64,0,37,0,8,31,0,0.0000,12.719
exp04_control_s1_final,EXP-20261001-04,6c083920acb4e4a216251086a3ab29acd8f0f060b100ba6b86ab3aa13752e3ff,bun.hunter@normal,64,0,35,0,13,25,2,0.0000,13.422
exp04_control_s1_final,EXP-20261001-04,6c083920acb4e4a216251086a3ab29acd8f0f060b100ba6b86ab3aa13752e3ff,bun.hunter@easy,64,2,47,3,11,36,3,0.2143,13.000
exp04_scenario_s1_it750,EXP-20261001-04,896d320302ffa3369f8fdfeeedb0ec382037f0394de91c7126aa7e1a0fcf56ce,bun.tactical_v2,64,9,3,9,2,1,0,0.8182,12.531
exp04_scenario_s1_it750,EXP-20261001-04,896d320302ffa3369f8fdfeeedb0ec382037f0394de91c7126aa7e1a0fcf56ce,bun.hunter@hard,64,0,0,0,0,0,0,,10.203
exp04_scenario_s1_it750,EXP-20261001-04,896d320302ffa3369f8fdfeeedb0ec382037f0394de91c7126aa7e1a0fcf56ce,bun.hunter@normal,64,0,6,0,5,0,1,0.0000,11.219
exp04_scenario_s1_it750,EXP-20261001-04,896d320302ffa3369f8fdfeeedb0ec382037f0394de91c7126aa7e1a0fcf56ce,bun.hunter@easy,64,0,6,0,2,4,0,0.0000,13.875
exp04_scenario_s1_final,EXP-20261001-04,43e1d9b622f0c14b955eb18d477901a60426ceaa6868e1ccb336be007cb1cab9,bun.tactical_v2,64,3,3,3,1,0,2,0.7500,5.344
exp04_scenario_s1_final,EXP-20261001-04,43e1d9b622f0c14b955eb18d477901a60426ceaa6868e1ccb336be007cb1cab9,bun.hunter@hard,64,0,0,0,0,0,0,,6.953
exp04_scenario_s1_final,EXP-20261001-04,43e1d9b622f0c14b955eb18d477901a60426ceaa6868e1ccb336be007cb1cab9,bun.hunter@normal,64,0,5,0,5,0,0,0.0000,8.281
exp04_scenario_s1_final,EXP-20261001-04,43e1d9b622f0c14b955eb18d477901a60426ceaa6868e1ccb336be007cb1cab9,bun.hunter@easy,64,4,2,4,0,2,0,1.0000,11.359
exp04_control_s2_it750,EXP-20261001-04,ee814d208f210cf686b5eb7bcc68146111f7b9dad64d1eceef39481ebf3d699d,bun.tactical_v2,64,21,9,22,4,4,3,0.8462,15.266
exp04_control_s2_it750,EXP-20261001-04,ee814d208f210cf686b5eb7bcc68146111f7b9dad64d1eceef39481ebf3d699d,bun.hunter@hard,64,0,14,0,3,11,0,0.0000,10.828
exp04_control_s2_it750,EXP-20261001-04,ee814d208f210cf686b5eb7bcc68146111f7b9dad64d1eceef39481ebf3d699d,bun.hunter@normal,64,0,23,0,9,14,0,0.0000,11.297
exp04_control_s2_it750,EXP-20261001-04,ee814d208f210cf686b5eb7bcc68146111f7b9dad64d1eceef39481ebf3d699d,bun.hunter@easy,64,3,10,3,3,8,0,0.5000,14.516
exp04_control_s2_final,EXP-20261001-04,f7c52b6ef9415399970010e118973674c417885e7b6cdbe49344a70e0a36efb0,bun.tactical_v2,64,12,7,12,1,2,4,0.9231,5.875
exp04_control_s2_final,EXP-20261001-04,f7c52b6ef9415399970010e118973674c417885e7b6cdbe49344a70e0a36efb0,bun.hunter@hard,64,0,16,0,4,12,0,0.0000,5.984
exp04_control_s2_final,EXP-20261001-04,f7c52b6ef9415399970010e118973674c417885e7b6cdbe49344a70e0a36efb0,bun.hunter@normal,64,0,13,0,5,8,0,0.0000,7.016
exp04_control_s2_final,EXP-20261001-04,f7c52b6ef9415399970010e118973674c417885e7b6cdbe49344a70e0a36efb0,bun.hunter@easy,64,8,19,9,10,9,2,0.4737,8.219
exp04_scenario_s2_it750,EXP-20261001-04,65b6cc631a8a1e8091dec7c57a21de6d73dfcc42d9d4b6f98ddfd64d1542f790,bun.tactical_v2,64,16,1,16,0,1,0,1.0000,12.703
exp04_scenario_s2_it750,EXP-20261001-04,65b6cc631a8a1e8091dec7c57a21de6d73dfcc42d9d4b6f98ddfd64d1542f790,bun.hunter@hard,64,0,5,0,5,0,0,0.0000,12.234
exp04_scenario_s2_it750,EXP-20261001-04,65b6cc631a8a1e8091dec7c57a21de6d73dfcc42d9d4b6f98ddfd64d1542f790,bun.hunter@normal,64,0,5,0,4,1,0,0.0000,11.906
exp04_scenario_s2_it750,EXP-20261001-04,65b6cc631a8a1e8091dec7c57a21de6d73dfcc42d9d4b6f98ddfd64d1542f790,bun.hunter@easy,64,4,7,4,3,4,0,0.5714,13.344
exp04_scenario_s2_final,EXP-20261001-04,e7031ee6da1c43d0aee5f4a9db9733fb14eab671d2606fd931d4709429612a0d,bun.tactical_v2,64,9,3,9,2,1,0,0.8182,6.484
exp04_scenario_s2_final,EXP-20261001-04,e7031ee6da1c43d0aee5f4a9db9733fb14eab671d2606fd931d4709429612a0d,bun.hunter@hard,64,0,4,0,3,1,0,0.0000,8.672
exp04_scenario_s2_final,EXP-20261001-04,e7031ee6da1c43d0aee5f4a9db9733fb14eab671d2606fd931d4709429612a0d,bun.hunter@normal,64,0,9,0,5,5,0,0.0000,8.938
exp04_scenario_s2_final,EXP-20261001-04,e7031ee6da1c43d0aee5f4a9db9733fb14eab671d2606fd931d4709429612a0d,bun.hunter@easy,64,4,5,4,0,5,0,1.0000,11.844
hist_it4000,history,6e190b009f180f2e449fd19941c930c0d1a86d680071eeb02262aadb6808ebd0,bun.tactical_v2,64,27,2,28,0,3,0,1.0000,16.766
hist_it4000,history,6e190b009f180f2e449fd19941c930c0d1a86d680071eeb02262aadb6808ebd0,bun.hunter@hard,64,1,11,1,6,5,0,0.1429,12.531
hist_it4000,history,6e190b009f180f2e449fd19941c930c0d1a86d680071eeb02262aadb6808ebd0,bun.hunter@normal,64,0,12,0,11,1,0,0.0000,12.906
hist_it4000,history,6e190b009f180f2e449fd19941c930c0d1a86d680071eeb02262aadb6808ebd0,bun.hunter@easy,64,1,7,1,3,4,0,0.2500,14.531
rv2_thr04_it100,EXP-20260930-01,d7ca4deb913b71c7ef15f727fc1e4f68b2f6f1d2c652b2f24ad1e090c1c43e91,bun.tactical_v2,64,22,7,25,3,6,1,0.8929,27.516
rv2_thr04_it100,EXP-20260930-01,d7ca4deb913b71c7ef15f727fc1e4f68b2f6f1d2c652b2f24ad1e090c1c43e91,bun.hunter@hard,64,0,13,0,1,12,0,0.0000,15.078
rv2_thr04_it100,EXP-20260930-01,d7ca4deb913b71c7ef15f727fc1e4f68b2f6f1d2c652b2f24ad1e090c1c43e91,bun.hunter@normal,64,0,20,0,7,14,0,0.0000,15.141
rv2_thr04_it100,EXP-20260930-01,d7ca4deb913b71c7ef15f727fc1e4f68b2f6f1d2c652b2f24ad1e090c1c43e91,bun.hunter@easy,64,3,11,3,4,6,1,0.4286,18.109
rv2_long_thr04_lr1e4_it200,EXP-20260930-01,27368635322e15c09dfa9181275d1eea41366b68184b49a6a281b89221f94327,bun.tactical_v2,64,24,6,28,5,4,1,0.8485,29.891
rv2_long_thr04_lr1e4_it200,EXP-20260930-01,27368635322e15c09dfa9181275d1eea41366b68184b49a6a281b89221f94327,bun.hunter@hard,64,1,13,1,3,10,0,0.2500,14.734
rv2_long_thr04_lr1e4_it200,EXP-20260930-01,27368635322e15c09dfa9181275d1eea41366b68184b49a6a281b89221f94327,bun.hunter@normal,64,0,15,0,4,11,1,0.0000,15.812
rv2_long_thr04_lr1e4_it200,EXP-20260930-01,27368635322e15c09dfa9181275d1eea41366b68184b49a6a281b89221f94327,bun.hunter@easy,64,4,19,4,3,17,0,0.5714,17.547
dp8_it2500,EXP-20261001-03,45677c01e0bdc04dc7a612e86bfbcd3ca7b730dadf6869731290dd34e8b42370,bun.tactical_v2,64,15,14,17,5,10,1,0.7727,13.484
dp8_it2500,EXP-20261001-03,45677c01e0bdc04dc7a612e86bfbcd3ca7b730dadf6869731290dd34e8b42370,bun.hunter@hard,64,0,19,0,2,16,1,0.0000,9.812
dp8_it2500,EXP-20261001-03,45677c01e0bdc04dc7a612e86bfbcd3ca7b730dadf6869731290dd34e8b42370,bun.hunter@normal,64,2,15,2,7,9,0,0.2222,10.922
dp8_it2500,EXP-20261001-03,45677c01e0bdc04dc7a612e86bfbcd3ca7b730dadf6869731290dd34e8b42370,bun.hunter@easy,64,18,11,22,4,12,0,0.8462,12.594
dp8_it8000,EXP-20261001-03,da7932998b4fde011b9c8fe8ab2dbc2f81cad83e82ff106b4b1dca8a14a4a5b1,bun.tactical_v2,64,7,16,7,13,3,1,0.3500,27.094
dp8_it8000,EXP-20261001-03,da7932998b4fde011b9c8fe8ab2dbc2f81cad83e82ff106b4b1dca8a14a4a5b1,bun.hunter@hard,64,0,34,0,9,22,3,0.0000,11.750
dp8_it8000,EXP-20261001-03,da7932998b4fde011b9c8fe8ab2dbc2f81cad83e82ff106b4b1dca8a14a4a5b1,bun.hunter@normal,64,0,26,0,10,17,0,0.0000,13.719
dp8_it8000,EXP-20261001-03,da7932998b4fde011b9c8fe8ab2dbc2f81cad83e82ff106b4b1dca8a14a4a5b1,bun.hunter@easy,64,5,21,7,6,16,1,0.5385,14.438
dp8_it12000,EXP-20261001-03,0435896e9cc36f0fb665fcc8b43e1284553d47157661be1da61f3f9901787db4,bun.tactical_v2,64,11,28,12,15,14,1,0.4444,49.016
dp8_it12000,EXP-20261001-03,0435896e9cc36f0fb665fcc8b43e1284553d47157661be1da61f3f9901787db4,bun.hunter@hard,64,0,23,0,9,15,0,0.0000,11.812
dp8_it12000,EXP-20261001-03,0435896e9cc36f0fb665fcc8b43e1284553d47157661be1da61f3f9901787db4,bun.hunter@normal,64,1,29,1,13,16,1,0.0714,11.859
dp8_it12000,EXP-20261001-03,0435896e9cc36f0fb665fcc8b43e1284553d47157661be1da61f3f9901787db4,bun.hunter@easy,64,5,21,6,7,16,0,0.4615,12.906
